markup;"Aufschlag, Preiserhöhung, Textauszeichnung - also Code"
to span;"etwas umfassen, überspannen"
reconcile;"schlichten, in Einklang bringen"
receipt;Quittung
nesting;Verschachteln
prescribe;"vorschreiben, verordnen"
cabbage;Kohl
granular;detailierter
fallback (plan);Ersatzplan
defer;aufschieben
invoice;Abrechnung
to invoke;aufrufen
coercion;Zwang
schema ;Schema
multitude;Vielzahl
to coerce sb.;"jdn. zwingen, n?igen"
gracefully;w?devoll
disgrace;Schande
precedence;Vorrang
idle;"inaktiv, nichtstuend"
callback;R?kruf
provenance;Herkunft
Weeding;
Pleasing;
To Boogle;
slander;
scurrilous;
to vilify;
vetted;
rigorously;
dissent;
to deter;
to reiterate;
wary;
to brag;
Plaintiffs;
Vindictive;
Tie;
Seemingly;
Dissent;
Stifle;
Frivolous;
Hissing;
diameter;
raise attention to the fact;
Call upon;
vicous;
whimsically;
Polyfunctional;
patchwork rug;Flickenteppich
secularization;Sekularisierung (die Kirche von Staatsorganen l?en)
hegemony;Vorherrschaft
territorial reorganization;Territoriale Reorganisation
mediatisation;uniting small states
sovereignty;"Selbstbestimmung, Unabh?gigkeit"
muzzle;Maulkorb
deroyatory;abwertend
concessions;Zugest?dnisse
reduction of purchasing power;R?kgang der Kaufkraft
preliminary parliament;vorl?figes Parlament
preliminary;vorl?fig
scramble for Africa;Wettlauf um Africa
West-Africa-Conference;West-Afrika-Konferenz
saber ratteling;S?el rasseln
seminal catastrophe;Urkatastrophe
dominion;Herrschaft
atrocity;Gr?eltat
war of annihilation;Vernichtungskrieg
disregard;"missachten, vernachl?sigen"
displacement ;Verdr?gung
cleansing;Reinigen
retribution;"Strafe, Rache"
redemption;"R?kzahlung, Wiedergutmachung"
to redeem;einl?en
glimpse;fl?htiger Blick
abduction;
complicit;
nurple;
inadmisible;
obtained;
to mount;
Irreducible;
flimsy;
detainees;
consolation;
horrendous;
Arousing endorsement;
compromise;
severe;
intimidation;
Lint;
Maneuvered;
grim;
celery;
dismember;
Actuarial;
subterranean;
common courtesy;
Courtesy;
britches;
Smackdown;
Heaving;
Concussion;
negligence;
Onesie;
rooting;
desist;
Libel;
Litigation;
Layoffs;
Sorely;
rigid;
resect;
einkaufen;
vanity;
adjourned;
verdict;
unittigated temerity;
Savagely;
Flatly;
cussed;
Porch;
Hollered;
tore lose;
bleak;
damp;
Shed;
to tear;
limbs;
inevitable;
nearsighted;
viability;
Jeopardized;
Undermine;
Surplus;
Tenure;
vengeful;
repression of dissent;
stoking rage;
extolling;
relegated to subserviant roles;
popular rage;
Reconcile;
quadrupeled;
Evicted;
Envy;
dwell;
inward;
fanning;
condolocence;
whizzing;
intrigued;
to stall;
Tugged;
ludicrous;
Loability;
Payee;
Tail fin;
Swivel;
Outlet;
Silence and desist letters;
ridicule;
non-disparagement;
tantrum;
Felony;
superflouos;
Fabulous;
rodent;
infestation;
fortitude;
negatory;
deemed;
proposed fines;
outright contempt;
Kink;
nark;
vengful vandal;
hideous;
To gapeseed;
Parsley;
chives;
basil;
cloves;
ladle;
Malevolence;
malevolent;
adorable;
frankly;
puddy;
to stir sth up;
relentless scrutiny;
exonerated;
comprehend;
caveat;
outright;
leniency;
repercussion;
retribution;
vengeance;
exceed;
juvenile;
Peril;
concocted;
beverage;
disingenuous;
confinement;
prevalent;
penetentiary;
solitary;
Amativeness;
conjugality;
Continuity;
Selfish prospensities;
Alimental;
Aquisitiveness;
Approbative;
Firmness;
Concientciousness;
Veneration;
Benevolence;
Ideality;
Sublimity;
Mirthfully;
Locality;
erratic;
Menance;
tendencious;
Taint;
Screech;
flipping the bird;
fear mongering;
to inch;
to crop;
precipitation;
circunfrence;
draconic;
inherently;
cutlery;
seizure;
to plug;
adumbration;
"fulsome,abundant, copius";
Insincere;
proclivities;
deviation;
Dint;
"to assuage, to pacify, to soothe";
"to mature, to ripen";
flawed;
erudite;
Such a pity;
Undignifying;
Marveling;
roughly;
aperatur;
Chrominance;
Luminance;
Rods and cones;
Yieldd;
"foolish, peremptory�";
obnoxious�;
futility;
ineractiability;
raptured;
impunity;
particle accelerater;
statistician;
Abetment of crime;
conviction rate;
tenuous;
Stud;
contravene;
evicted;
affluent;
affluent;
emplacement;
pejorative;
mammoth;
plummet;
constraints;
philantrophy;
magnificent;
enrolment;
to pride;
cumbersome;
incandascent;
stoking;
Scavenger;
reductive;
acquainted;
tourmoil;
ransom;
vile;
Limp;
chores;
guiding principle;
What do you go by;
Scoundrel;
occlude;
pampered;
arguably;
rambunctious;
deliciously derisive;
Menace;
Unabriged;
inert;
oblivious;
yield;
blatant;
embezzlement;
Buck up;
Subversion;
exhaustive;
litigated;
purporting;
surge;
tallying;
fuzzy;
acquatince;
at large;
dissident;
appaling;
to shimmy;
daring bush;
detachment;
Lair;
sewer;
sprout;
possessive;
flawed;
apprentice;
enthralled;
sinister;
sprinkle;
demolished;
immaculate;
atrocious;
to despice;
condolences;
reminisce;
dependeble;
compassion;
to jeopardise;
jeopardy;
to grunt;
squadron;
undercurrent;
remorse;
delicate;
occasion;
convoluted;
neat;
respiratory rate;
to cue;
tin;
to scoop;
exempt;
predominantely;
grotesque;
to recline;
Be wary;
cutlery;
a mug;
saucer;
bear with me;
to be firm;
to bow in the wind;
I can confirm beyond a shadow of doubt;
chore;
abhorrent;
eviscerate;
tedious;
to envy;
to boast;
grape;
woeful;
to evict;
literacy;
afterthought;
sterling;
incumbent;
Undisguised delight;
serendipity;
Discretionary;
deprecated;
